accession_no,cik,name,filed_at,filing_url
0001145549-20-003465,1107414,STATE STREET INSTITUTIONAL INVESTMENT TRUST,2020-01-28,https://www.sec.gov/Archives/edgar/data/1107414/000114554920003465/0001145549-20-003465-index.htm
0000277751-20-000006,277751,JANUS INVESTMENT FUND,2020-01-22,https://www.sec.gov/Archives/edgar/data/277751/000027775120000006/0000277751-20-000006-index.htm
0001145549-20-000881,828806,AIM TREASURER'S SERIES TRUST (INVESCO TREASURER'S SERIES TRUST),2020-01-09,https://www.sec.gov/Archives/edgar/data/828806/000114554920000881/0001145549-20-000881-index.htm
0001145549-20-000880,828806,AIM TREASURER'S SERIES TRUST (INVESCO TREASURER'S SERIES TRUST),2020-01-09,https://www.sec.gov/Archives/edgar/data/828806/000114554920000880/0001145549-20-000880-index.htm
0000878663-20-000004,878663,FIDELITY NEW YORK MUNICIPAL TRUST II,2020-01-08,https://www.sec.gov/Archives/edgar/data/878663/000087866320000004/0000878663-20-000004-index.htm
0001145549-20-000550,908406,AMERICAN CENTURY INVESTMENT TRUST,2020-01-08,https://www.sec.gov/Archives/edgar/data/908406/000114554920000550/0001145549-20-000550-index.htm
0001145549-20-000645,814230,DELAWARE VIP TRUST,2020-01-08,https://www.sec.gov/Archives/edgar/data/814230/000114554920000645/0001145549-20-000645-index.htm
0001145549-20-000695,38778,FRANKLIN U.S. GOVERNMENT MONEY FUND,2020-01-08,https://www.sec.gov/Archives/edgar/data/38778/000114554920000695/0001145549-20-000695-index.htm
0001145549-20-000717,1140869,MASTER PORTFOLIO TRUST,2020-01-08,https://www.sec.gov/Archives/edgar/data/1140869/000114554920000717/0001145549-20-000717-index.htm
0001145549-20-000767,842790,AIM INVESTMENT SECURITIES FUNDS (INVESCO INVESTMENT SECURITIES FUNDS),2020-01-08,https://www.sec.gov/Archives/edgar/data/842790/000114554920000767/0001145549-20-000767-index.htm
0001258897-20-000021,856517,MONEY MARKET OBLIGATIONS TRUST,2020-01-08,https://www.sec.gov/Archives/edgar/data/856517/000125889720000021/0001258897-20-000021-index.htm
0001145549-20-000675,315812,MORGAN STANLEY TAX FREE DAILY INCOME TRUST,2020-01-08,https://www.sec.gov/Archives/edgar/data/315812/000114554920000675/0001145549-20-000675-index.htm
0001145549-20-000729,857156,CHARLES SCHWAB FAMILY OF FUNDS,2020-01-08,https://www.sec.gov/Archives/edgar/data/857156/000114554920000729/0001145549-20-000729-index.htm
0001145549-20-000792,205007,SHORT-TERM INVESTMENTS TRUST,2020-01-08,https://www.sec.gov/Archives/edgar/data/205007/000114554920000792/0001145549-20-000792-index.htm
0001145549-20-000461,795384,"T. Rowe Price State Tax-Free Funds, Inc.",2020-01-08,https://www.sec.gov/Archives/edgar/data/795384/000114554920000461/0001145549-20-000461-index.htm
0001145549-20-000651,1403166,Master Trust,2020-01-08,https://www.sec.gov/Archives/edgar/data/1403166/000114554920000651/0001145549-20-000651-index.htm
0001145549-20-000677,1060517,UBS Series Funds,2020-01-08,https://www.sec.gov/Archives/edgar/data/1060517/000114554920000677/0001145549-20-000677-index.htm
0001145549-20-000702,1227155,MORGAN STANLEY INSTITUTIONAL LIQUIDITY FUNDS,2020-01-08,https://www.sec.gov/Archives/edgar/data/1227155/000114554920000702/0001145549-20-000702-index.htm
0000356173-20-000011,356173,Fidelity Colchester Street Trust,2020-01-08,https://www.sec.gov/Archives/edgar/data/356173/000035617320000011/0000356173-20-000011-index.htm
0001145549-20-000583,710124,NORTHERN INSTITUTIONAL FUNDS,2020-01-08,https://www.sec.gov/Archives/edgar/data/710124/000114554920000583/0001145549-20-000583-index.htm
0001718745-20-000021,1217286,JPMorgan Trust I,2020-01-08,https://www.sec.gov/Archives/edgar/data/1217286/000171874520000021/0001718745-20-000021-index.htm
0000894189-20-000137,356134,FIRST AMERICAN FUNDS INC,2020-01-08,https://www.sec.gov/Archives/edgar/data/356134/000089418920000137/0000894189-20-000137-index.htm
0001145549-20-000723,857156,CHARLES SCHWAB FAMILY OF FUNDS,2020-01-08,https://www.sec.gov/Archives/edgar/data/857156/000114554920000723/0001145549-20-000723-index.htm
0001145549-20-000650,1403166,Master Trust,2020-01-08,https://www.sec.gov/Archives/edgar/data/1403166/000114554920000650/0001145549-20-000650-index.htm
0001145549-20-000697,1227155,MORGAN STANLEY INSTITUTIONAL LIQUIDITY FUNDS,2020-01-08,https://www.sec.gov/Archives/edgar/data/1227155/000114554920000697/0001145549-20-000697-index.htm
0001145549-20-000714,1140869,MASTER PORTFOLIO TRUST,2020-01-08,https://www.sec.gov/Archives/edgar/data/1140869/000114554920000714/0001145549-20-000714-index.htm
0001145549-20-000759,1454975,American Funds U.S. Government Money Market Fund,2020-01-08,https://www.sec.gov/Archives/edgar/data/1454975/000114554920000759/0001145549-20-000759-index.htm
0001258897-20-000019,856517,MONEY MARKET OBLIGATIONS TRUST,2020-01-08,https://www.sec.gov/Archives/edgar/data/856517/000125889720000019/0001258897-20-000019-index.htm
0000894189-20-000132,356134,FIRST AMERICAN FUNDS INC,2020-01-08,https://www.sec.gov/Archives/edgar/data/356134/000089418920000132/0000894189-20-000132-index.htm
0001145549-20-000558,756913,JOHN HANCOCK VARIABLE INSURANCE TRUST,2020-01-08,https://www.sec.gov/Archives/edgar/data/756913/000114554920000558/0001145549-20-000558-index.htm
0001145549-20-000678,832705,MORGAN STANLEY CALIF TAX FREE DAILY INCOME TRUST,2020-01-08,https://www.sec.gov/Archives/edgar/data/832705/000114554920000678/0001145549-20-000678-index.htm
0001145549-20-000694,741375,MORGAN STANLEY INSTITUTIONAL FUND TRUST,2020-01-08,https://www.sec.gov/Archives/edgar/data/741375/000114554920000694/0001145549-20-000694-index.htm
0001145549-20-000670,1060517,UBS Series Funds,2020-01-08,https://www.sec.gov/Archives/edgar/data/1060517/000114554920000670/0001145549-20-000670-index.htm
0000917286-20-000005,917286,FIDELITY HEREFORD STREET TRUST,2020-01-08,https://www.sec.gov/Archives/edgar/data/917286/000091728620000005/0000917286-20-000005-index.htm
0001003715-20-000009,1342947,BBH Trust,2020-01-08,https://www.sec.gov/Archives/edgar/data/1342947/000100371520000009/0001003715-20-000009-index.htm
0001145549-20-000459,912028,"T. Rowe Price Summit Funds, Inc.",2020-01-08,https://www.sec.gov/Archives/edgar/data/912028/000114554920000459/0001145549-20-000459-index.htm
0001145549-20-000588,916620,NORTHERN FUNDS,2020-01-08,https://www.sec.gov/Archives/edgar/data/916620/000114554920000588/0001145549-20-000588-index.htm
0001145549-20-000644,778108,DELAWARE GROUP EQUITY FUNDS IV,2020-01-08,https://www.sec.gov/Archives/edgar/data/778108/000114554920000644/0001145549-20-000644-index.htm
0001145549-20-000750,850628,LEGG MASON PARTNERS PREMIUM MONEY MARKET TRUST,2020-01-08,https://www.sec.gov/Archives/edgar/data/850628/000114554920000750/0001145549-20-000750-index.htm
0001145549-20-000701,1227155,MORGAN STANLEY INSTITUTIONAL LIQUIDITY FUNDS,2020-01-08,https://www.sec.gov/Archives/edgar/data/1227155/000114554920000701/0001145549-20-000701-index.htm
0001145549-20-000738,747576,LEGG MASON PARTNERS MONEY MARKET TRUST,2020-01-08,https://www.sec.gov/Archives/edgar/data/747576/000114554920000738/0001145549-20-000738-index.htm
0000803013-20-000002,803013,FIDELITY GARRISON STREET TRUST,2020-01-08,https://www.sec.gov/Archives/edgar/data/803013/000080301320000002/0000803013-20-000002-index.htm
0000880799-20-000004,880799,FIDELITY MUNICIPAL TRUST II,2020-01-08,https://www.sec.gov/Archives/edgar/data/880799/000088079920000004/0000880799-20-000004-index.htm
0000894189-20-000134,356134,FIRST AMERICAN FUNDS INC,2020-01-08,https://www.sec.gov/Archives/edgar/data/356134/000089418920000134/0000894189-20-000134-index.htm
0001004726-20-000015,908695,USAA MUTUAL FUNDS TRUST,2020-01-08,https://www.sec.gov/Archives/edgar/data/908695/000100472620000015/0001004726-20-000015-index.htm
0001145549-20-000537,822977,GOLDMAN SACHS TRUST,2020-01-08,https://www.sec.gov/Archives/edgar/data/822977/000114554920000537/0001145549-20-000537-index.htm
0001145549-20-000664,1060517,UBS Series Funds,2020-01-08,https://www.sec.gov/Archives/edgar/data/1060517/000114554920000664/0001145549-20-000664-index.htm
0001145549-20-000688,893818,BlackRock Funds III,2020-01-08,https://www.sec.gov/Archives/edgar/data/893818/000114554920000688/0001145549-20-000688-index.htm
0001145549-20-000708,356013,RETIREMENT SERIES TRUST,2020-01-08,https://www.sec.gov/Archives/edgar/data/356013/000114554920000708/0001145549-20-000708-index.htm
0001145549-20-000824,1273878,VANGUARD CMT FUNDS,2020-01-08,https://www.sec.gov/Archives/edgar/data/1273878/000114554920000824/0001145549-20-000824-index.htm
0001145549-20-000689,890089,MONEY MARKET PORTFOLIOS,2020-01-08,https://www.sec.gov/Archives/edgar/data/890089/000114554920000689/0001145549-20-000689-index.htm
0001145549-20-000720,857156,CHARLES SCHWAB FAMILY OF FUNDS,2020-01-08,https://www.sec.gov/Archives/edgar/data/857156/000114554920000720/0001145549-20-000720-index.htm
0001145549-20-000830,788606,VANGUARD PENNSYLVANIA TAX-FREE FUNDS,2020-01-08,https://www.sec.gov/Archives/edgar/data/788606/000114554920000830/0001145549-20-000830-index.htm
0001145549-20-000605,724129,SUNAMERICA MONEY MARKET FUNDS INC,2020-01-08,https://www.sec.gov/Archives/edgar/data/724129/000114554920000605/0001145549-20-000605-index.htm
0001145549-20-000671,1060517,UBS Series Funds,2020-01-08,https://www.sec.gov/Archives/edgar/data/1060517/000114554920000671/0001145549-20-000671-index.htm
0001145549-20-000820,858372,CASH ACCOUNT TRUST,2020-01-08,https://www.sec.gov/Archives/edgar/data/858372/000114554920000820/0001145549-20-000820-index.htm
0000356173-20-000008,356173,Fidelity Colchester Street Trust,2020-01-08,https://www.sec.gov/Archives/edgar/data/356173/000035617320000008/0000356173-20-000008-index.htm
0000917286-20-000008,917286,FIDELITY HEREFORD STREET TRUST,2020-01-08,https://www.sec.gov/Archives/edgar/data/917286/000091728620000008/0000917286-20-000008-index.htm
0001145549-20-000663,1060517,UBS Series Funds,2020-01-08,https://www.sec.gov/Archives/edgar/data/1060517/000114554920000663/0001145549-20-000663-index.htm
0001258897-20-000013,856517,MONEY MARKET OBLIGATIONS TRUST,2020-01-08,https://www.sec.gov/Archives/edgar/data/856517/000125889720000013/0001258897-20-000013-index.htm
0001145549-20-000535,67590,"PRUDENTIAL Government Money Market Fund, INC.",2020-01-08,https://www.sec.gov/Archives/edgar/data/67590/000114554920000535/0001145549-20-000535-index.htm
0001258897-20-000007,912577,FEDERATED INSURANCE SERIES,2020-01-08,https://www.sec.gov/Archives/edgar/data/912577/000125889720000007/0001258897-20-000007-index.htm
0000880709-20-000005,880709,FIDELITY COURT STREET TRUST II,2020-01-08,https://www.sec.gov/Archives/edgar/data/880709/000088070920000005/0000880709-20-000005-index.htm
0000880709-20-000004,880709,FIDELITY COURT STREET TRUST II,2020-01-08,https://www.sec.gov/Archives/edgar/data/880709/000088070920000004/0000880709-20-000004-index.htm
0000917286-20-000007,917286,FIDELITY HEREFORD STREET TRUST,2020-01-08,https://www.sec.gov/Archives/edgar/data/917286/000091728620000007/0000917286-20-000007-index.htm
0001717734-20-000010,1392417,"MFS INSTITUTIONAL MONEY MARKET PORTFOLIO, A SERIES OF THE MFS SERIES TRUST XIV",2020-01-08,https://www.sec.gov/Archives/edgar/data/1392417/000171773420000010/0001717734-20-000010-index.htm
0000880709-20-000006,880709,FIDELITY COURT STREET TRUST II,2020-01-08,https://www.sec.gov/Archives/edgar/data/880709/000088070920000006/0000880709-20-000006-index.htm
0000880799-20-000006,880799,FIDELITY MUNICIPAL TRUST II,2020-01-08,https://www.sec.gov/Archives/edgar/data/880799/000088079920000006/0000880799-20-000006-index.htm
0001004726-20-000025,896162,DFA INVESTMENT TRUST CO,2020-01-08,https://www.sec.gov/Archives/edgar/data/896162/000100472620000025/0001004726-20-000025-index.htm
0001145549-20-000543,822977,GOLDMAN SACHS TRUST,2020-01-08,https://www.sec.gov/Archives/edgar/data/822977/000114554920000543/0001145549-20-000543-index.htm
0001145549-20-000716,1140869,MASTER PORTFOLIO TRUST,2020-01-08,https://www.sec.gov/Archives/edgar/data/1140869/000114554920000716/0001145549-20-000716-index.htm
0001145549-20-000725,857156,CHARLES SCHWAB FAMILY OF FUNDS,2020-01-08,https://www.sec.gov/Archives/edgar/data/857156/000114554920000725/0001145549-20-000725-index.htm
0001145549-20-000676,859037,MORGAN STANLEY NY MUNICIPAL MONEY MARKET TRUST,2020-01-08,https://www.sec.gov/Archives/edgar/data/859037/000114554920000676/0001145549-20-000676-index.htm
0001145549-20-000722,857156,CHARLES SCHWAB FAMILY OF FUNDS,2020-01-08,https://www.sec.gov/Archives/edgar/data/857156/000114554920000722/0001145549-20-000722-index.htm
0001145549-20-000757,1094885,STATE STREET MASTER FUNDS,2020-01-08,https://www.sec.gov/Archives/edgar/data/1094885/000114554920000757/0001145549-20-000757-index.htm
0001145549-20-000819,858372,CASH ACCOUNT TRUST,2020-01-08,https://www.sec.gov/Archives/edgar/data/858372/000114554920000819/0001145549-20-000819-index.htm
0001258897-20-000008,856517,MONEY MARKET OBLIGATIONS TRUST,2020-01-08,https://www.sec.gov/Archives/edgar/data/856517/000125889720000008/0001258897-20-000008-index.htm
0001145549-20-000477,719269,MFS VARIABLE INSURANCE TRUST II,2020-01-08,https://www.sec.gov/Archives/edgar/data/719269/000114554920000477/0001145549-20-000477-index.htm
0001258897-20-000009,856517,MONEY MARKET OBLIGATIONS TRUST,2020-01-08,https://www.sec.gov/Archives/edgar/data/856517/000125889720000009/0001258897-20-000009-index.htm
0000356173-20-000013,356173,Fidelity Colchester Street Trust,2020-01-08,https://www.sec.gov/Archives/edgar/data/356173/000035617320000013/0000356173-20-000013-index.htm
0000878662-20-000004,878662,FIDELITY CALIFORNIA MUNICIPAL TRUST II,2020-01-08,https://www.sec.gov/Archives/edgar/data/878662/000087866220000004/0000878662-20-000004-index.htm
0001145549-20-000466,1034386,"T. Rowe Price Reserve Investment Funds, Inc.",2020-01-08,https://www.sec.gov/Archives/edgar/data/1034386/000114554920000466/0001145549-20-000466-index.htm
0001145549-20-000609,1026977,CITY NATIONAL ROCHDALE FUNDS,2020-01-08,https://www.sec.gov/Archives/edgar/data/1026977/000114554920000609/0001145549-20-000609-index.htm
0001145549-20-000706,65109,READY ASSETS GOVERNMENT LIQUIDITY FUND,2020-01-08,https://www.sec.gov/Archives/edgar/data/65109/000114554920000706/0001145549-20-000706-index.htm
0001145549-20-000713,1140869,MASTER PORTFOLIO TRUST,2020-01-08,https://www.sec.gov/Archives/edgar/data/1140869/000114554920000713/0001145549-20-000713-index.htm
0001145549-20-000727,857156,CHARLES SCHWAB FAMILY OF FUNDS,2020-01-08,https://www.sec.gov/Archives/edgar/data/857156/000114554920000727/0001145549-20-000727-index.htm
0001145549-20-000460,912029,"T. Rowe Price Summit Municipal Funds, Inc.",2020-01-08,https://www.sec.gov/Archives/edgar/data/912029/000114554920000460/0001145549-20-000460-index.htm
0001145549-20-000544,822977,GOLDMAN SACHS TRUST,2020-01-08,https://www.sec.gov/Archives/edgar/data/822977/000114554920000544/0001145549-20-000544-index.htm
0001145549-20-000642,1121257,JNL INVESTORS SERIES TRUST,2020-01-08,https://www.sec.gov/Archives/edgar/data/1121257/000114554920000642/0001145549-20-000642-index.htm
0001145549-20-000791,205007,SHORT-TERM INVESTMENTS TRUST,2020-01-08,https://www.sec.gov/Archives/edgar/data/205007/000114554920000791/0001145549-20-000791-index.htm
0001145549-20-000825,106830,VANGUARD MONEY MARKET RESERVES,2020-01-08,https://www.sec.gov/Archives/edgar/data/106830/000114554920000825/0001145549-20-000825-index.htm
0000277751-20-000003,277751,JANUS INVESTMENT FUND,2020-01-08,https://www.sec.gov/Archives/edgar/data/277751/000027775120000003/0000277751-20-000003-index.htm
0001145549-20-000730,857156,CHARLES SCHWAB FAMILY OF FUNDS,2020-01-08,https://www.sec.gov/Archives/edgar/data/857156/000114554920000730/0001145549-20-000730-index.htm
0001145549-20-000564,1099692,PRUDENTIAL INVESTMENT PORTFOLIOS 2,2020-01-08,https://www.sec.gov/Archives/edgar/data/1099692/000114554920000564/0001145549-20-000564-index.htm
0001145549-20-000652,1403166,Master Trust,2020-01-08,https://www.sec.gov/Archives/edgar/data/1403166/000114554920000652/0001145549-20-000652-index.htm
0001145549-20-000657,1060517,UBS Series Funds,2020-01-08,https://www.sec.gov/Archives/edgar/data/1060517/000114554920000657/0001145549-20-000657-index.htm
0000894189-20-000135,356134,FIRST AMERICAN FUNDS INC,2020-01-08,https://www.sec.gov/Archives/edgar/data/356134/000089418920000135/0000894189-20-000135-index.htm
0001145549-20-000552,746458,AMERICAN CENTURY MUNICIPAL TRUST,2020-01-08,https://www.sec.gov/Archives/edgar/data/746458/000114554920000552/0001145549-20-000552-index.htm
0001145549-20-000680,814079,Funds For Institutions Series,2020-01-08,https://www.sec.gov/Archives/edgar/data/814079/000114554920000680/0001145549-20-000680-index.htm
0001004726-20-000022,908695,USAA MUTUAL FUNDS TRUST,2020-01-08,https://www.sec.gov/Archives/edgar/data/908695/000100472620000022/0001004726-20-000022-index.htm
0001145549-20-000655,1060517,UBS Series Funds,2020-01-08,https://www.sec.gov/Archives/edgar/data/1060517/000114554920000655/0001145549-20-000655-index.htm
0001145549-20-000541,822977,GOLDMAN SACHS TRUST,2020-01-08,https://www.sec.gov/Archives/edgar/data/822977/000114554920000541/0001145549-20-000541-index.htm
0001145549-20-000674,356409,MORGAN STANLEY US GOVERNMENT MONEY MARKET TRUST,2020-01-08,https://www.sec.gov/Archives/edgar/data/356409/000114554920000674/0001145549-20-000674-index.htm
0001145549-20-000707,869663,Ready Assets U.S. Treasury Money Fund,2020-01-08,https://www.sec.gov/Archives/edgar/data/869663/000114554920000707/0001145549-20-000707-index.htm
0001145549-20-000709,353281,BLACKROCK FINANCIAL INSTITUTIONS SERIES TRUST,2020-01-08,https://www.sec.gov/Archives/edgar/data/353281/000114554920000709/0001145549-20-000709-index.htm
0001145549-20-000721,857156,CHARLES SCHWAB FAMILY OF FUNDS,2020-01-08,https://www.sec.gov/Archives/edgar/data/857156/000114554920000721/0001145549-20-000721-index.htm
0001145549-20-000827,225997,VANGUARD MUNICIPAL BOND FUNDS,2020-01-08,https://www.sec.gov/Archives/edgar/data/225997/000114554920000827/0001145549-20-000827-index.htm
0001718745-20-000016,1659326,JPMORGAN TRUST IV,2020-01-08,https://www.sec.gov/Archives/edgar/data/1659326/000171874520000016/0001718745-20-000016-index.htm
0000704207-20-000004,704207,Fidelity Newbury Street Trust,2020-01-08,https://www.sec.gov/Archives/edgar/data/704207/000070420720000004/0000704207-20-000004-index.htm
0001145549-20-000648,1121257,JNL INVESTORS SERIES TRUST,2020-01-08,https://www.sec.gov/Archives/edgar/data/1121257/000114554920000648/0001145549-20-000648-index.htm
0001145549-20-000737,1107414,STATE STREET INSTITUTIONAL INVESTMENT TRUST,2020-01-08,https://www.sec.gov/Archives/edgar/data/1107414/000114554920000737/0001145549-20-000737-index.htm
0001145549-20-000774,828806,AIM TREASURER'S SERIES TRUST (INVESCO TREASURER'S SERIES TRUST),2020-01-08,https://www.sec.gov/Archives/edgar/data/828806/000114554920000774/0001145549-20-000774-index.htm
0001145549-20-000752,1757150,Capital Group Central Fund Series,2020-01-08,https://www.sec.gov/Archives/edgar/data/1757150/000114554920000752/0001145549-20-000752-index.htm
0001022695-20-000006,1022695,FIDELITY REVERE STREET TRUST,2020-01-08,https://www.sec.gov/Archives/edgar/data/1022695/000102269520000006/0001022695-20-000006-index.htm
0001145549-20-000607,719423,VALIC Co I,2020-01-08,https://www.sec.gov/Archives/edgar/data/719423/000114554920000607/0001145549-20-000607-index.htm
0001145549-20-000669,1060517,UBS Series Funds,2020-01-08,https://www.sec.gov/Archives/edgar/data/1060517/000114554920000669/0001145549-20-000669-index.htm
0001145549-20-000763,747576,LEGG MASON PARTNERS MONEY MARKET TRUST,2020-01-08,https://www.sec.gov/Archives/edgar/data/747576/000114554920000763/0001145549-20-000763-index.htm
0001145549-20-000793,205007,SHORT-TERM INVESTMENTS TRUST,2020-01-08,https://www.sec.gov/Archives/edgar/data/205007/000114554920000793/0001145549-20-000793-index.htm
0001145549-20-000462,795384,"T. Rowe Price State Tax-Free Funds, Inc.",2020-01-08,https://www.sec.gov/Archives/edgar/data/795384/000114554920000462/0001145549-20-000462-index.htm
0000278001-20-000002,278001,FIDELITY PHILLIPS STREET TRUST,2020-01-08,https://www.sec.gov/Archives/edgar/data/278001/000027800120000002/0000278001-20-000002-index.htm
0000878663-20-000003,878663,FIDELITY NEW YORK MUNICIPAL TRUST II,2020-01-08,https://www.sec.gov/Archives/edgar/data/878663/000087866320000003/0000878663-20-000003-index.htm
0001145549-20-000586,710124,NORTHERN INSTITUTIONAL FUNDS,2020-01-08,https://www.sec.gov/Archives/edgar/data/710124/000114554920000586/0001145549-20-000586-index.htm
0001145549-20-000745,747576,LEGG MASON PARTNERS MONEY MARKET TRUST,2020-01-08,https://www.sec.gov/Archives/edgar/data/747576/000114554920000745/0001145549-20-000745-index.htm
0001145549-20-000823,1273878,VANGUARD CMT FUNDS,2020-01-08,https://www.sec.gov/Archives/edgar/data/1273878/000114554920000823/0001145549-20-000823-index.htm
0001258897-20-000016,856517,MONEY MARKET OBLIGATIONS TRUST,2020-01-08,https://www.sec.gov/Archives/edgar/data/856517/000125889720000016/0001258897-20-000016-index.htm
0001145549-20-000594,1062374,VALIC Co II,2020-01-08,https://www.sec.gov/Archives/edgar/data/1062374/000114554920000594/0001145549-20-000594-index.htm
0001718745-20-000009,1217286,JPMorgan Trust I,2020-01-08,https://www.sec.gov/Archives/edgar/data/1217286/000171874520000009/0001718745-20-000009-index.htm
0001145549-20-000476,63068,MFS SERIES TRUST IV,2020-01-08,https://www.sec.gov/Archives/edgar/data/63068/000114554920000476/0001145549-20-000476-index.htm
0001145549-20-000547,711175,PRUDENTIAL SERIES FUND,2020-01-08,https://www.sec.gov/Archives/edgar/data/711175/000114554920000547/0001145549-20-000547-index.htm
0001145549-20-000540,822977,GOLDMAN SACHS TRUST,2020-01-08,https://www.sec.gov/Archives/edgar/data/822977/000114554920000540/0001145549-20-000540-index.htm
0001145549-20-000560,26262,JOHN HANCOCK CURRENT INTEREST,2020-01-08,https://www.sec.gov/Archives/edgar/data/26262/000114554920000560/0001145549-20-000560-index.htm
0001145549-20-000653,1403166,Master Trust,2020-01-08,https://www.sec.gov/Archives/edgar/data/1403166/000114554920000653/0001145549-20-000653-index.htm
0001718745-20-000010,1217286,JPMorgan Trust I,2020-01-08,https://www.sec.gov/Archives/edgar/data/1217286/000171874520000010/0001718745-20-000010-index.htm
0000894189-20-000136,356134,FIRST AMERICAN FUNDS INC,2020-01-08,https://www.sec.gov/Archives/edgar/data/356134/000089418920000136/0000894189-20-000136-index.htm
0001145549-20-000523,885709,PAYDEN & RYGEL INVESTMENT GROUP,2020-01-08,https://www.sec.gov/Archives/edgar/data/885709/000114554920000523/0001145549-20-000523-index.htm
0001145549-20-000658,1060517,UBS Series Funds,2020-01-08,https://www.sec.gov/Archives/edgar/data/1060517/000114554920000658/0001145549-20-000658-index.htm
0001145549-20-000726,857156,CHARLES SCHWAB FAMILY OF FUNDS,2020-01-08,https://www.sec.gov/Archives/edgar/data/857156/000114554920000726/0001145549-20-000726-index.htm
0001718745-20-000022,1217286,JPMorgan Trust I,2020-01-08,https://www.sec.gov/Archives/edgar/data/1217286/000171874520000022/0001718745-20-000022-index.htm
0001145549-20-000467,316968,"T. Rowe Price Government Money Fund, Inc.",2020-01-08,https://www.sec.gov/Archives/edgar/data/316968/000114554920000467/0001145549-20-000467-index.htm
0001145549-20-000698,1227155,MORGAN STANLEY INSTITUTIONAL LIQUIDITY FUNDS,2020-01-08,https://www.sec.gov/Archives/edgar/data/1227155/000114554920000698/0001145549-20-000698-index.htm
0001145549-20-000536,1046292,GOLDMAN SACHS VARIABLE INSURANCE TRUST,2020-01-08,https://www.sec.gov/Archives/edgar/data/1046292/000114554920000536/0001145549-20-000536-index.htm
0001145549-20-000633,710124,NORTHERN INSTITUTIONAL FUNDS,2020-01-08,https://www.sec.gov/Archives/edgar/data/710124/000114554920000633/0001145549-20-000633-index.htm
0001145549-20-000822,783401,VANGUARD CALIFORNIA TAX-FREE FUNDS,2020-01-08,https://www.sec.gov/Archives/edgar/data/783401/000114554920000822/0001145549-20-000822-index.htm
0001718745-20-000014,763852,JPMORGAN TRUST II,2020-01-08,https://www.sec.gov/Archives/edgar/data/763852/000171874520000014/0001718745-20-000014-index.htm
0000880799-20-000005,880799,FIDELITY MUNICIPAL TRUST II,2020-01-08,https://www.sec.gov/Archives/edgar/data/880799/000088079920000005/0000880799-20-000005-index.htm
0001003715-20-000012,934699,MUTUAL OF AMERICA INSTITUTIONAL FUNDS INC,2020-01-08,https://www.sec.gov/Archives/edgar/data/934699/000100371520000012/0001003715-20-000012-index.htm
0001145549-20-000686,1161852,MASTER INSTITUTIONAL MONEY MARKET LLC,2020-01-08,https://www.sec.gov/Archives/edgar/data/1161852/000114554920000686/0001145549-20-000686-index.htm
0001258897-20-000011,856517,MONEY MARKET OBLIGATIONS TRUST,2020-01-08,https://www.sec.gov/Archives/edgar/data/856517/000125889720000011/0001258897-20-000011-index.htm
0001145549-20-000667,1060517,UBS Series Funds,2020-01-08,https://www.sec.gov/Archives/edgar/data/1060517/000114554920000667/0001145549-20-000667-index.htm
0001145549-20-000789,205007,SHORT-TERM INVESTMENTS TRUST,2020-01-08,https://www.sec.gov/Archives/edgar/data/205007/000114554920000789/0001145549-20-000789-index.htm
0001258897-20-000002,856517,MONEY MARKET OBLIGATIONS TRUST,2020-01-08,https://www.sec.gov/Archives/edgar/data/856517/000125889720000002/0001258897-20-000002-index.htm
0001258897-20-000005,856517,MONEY MARKET OBLIGATIONS TRUST,2020-01-08,https://www.sec.gov/Archives/edgar/data/856517/000125889720000005/0001258897-20-000005-index.htm
0001004726-20-000026,1091439,ALLIANZ VARIABLE INSURANCE PRODUCTS TRUST,2020-01-08,https://www.sec.gov/Archives/edgar/data/1091439/000100472620000026/0001004726-20-000026-index.htm
0001145549-20-000591,814679,ADVANCED SERIES TRUST,2020-01-08,https://www.sec.gov/Archives/edgar/data/814679/000114554920000591/0001145549-20-000591-index.htm
0001145549-20-000598,889366,"BMO FUNDS, INC.",2020-01-08,https://www.sec.gov/Archives/edgar/data/889366/000114554920000598/0001145549-20-000598-index.htm
0001004726-20-000020,798290,HSBC FUNDS,2020-01-08,https://www.sec.gov/Archives/edgar/data/798290/000100472620000020/0001004726-20-000020-index.htm
0001145549-20-000741,889512,LEGG MASON PARTNERS INSTITUTIONAL TRUST,2020-01-08,https://www.sec.gov/Archives/edgar/data/889512/000114554920000741/0001145549-20-000741-index.htm
0000356173-20-000014,356173,Fidelity Colchester Street Trust,2020-01-08,https://www.sec.gov/Archives/edgar/data/356173/000035617320000014/0000356173-20-000014-index.htm
0000880797-20-000004,880797,FIDELITY UNION STREET TRUST II,2020-01-08,https://www.sec.gov/Archives/edgar/data/880797/000088079720000004/0000880797-20-000004-index.htm
0000917286-20-000006,917286,FIDELITY HEREFORD STREET TRUST,2020-01-08,https://www.sec.gov/Archives/edgar/data/917286/000091728620000006/0000917286-20-000006-index.htm
0001145549-20-000551,908406,AMERICAN CENTURY INVESTMENT TRUST,2020-01-08,https://www.sec.gov/Archives/edgar/data/908406/000114554920000551/0001145549-20-000551-index.htm
0001145549-20-000590,916620,NORTHERN FUNDS,2020-01-08,https://www.sec.gov/Archives/edgar/data/916620/000114554920000590/0001145549-20-000590-index.htm
0001145549-20-000602,314650,EDWARD JONES MONEY MARKET FUND,2020-01-08,https://www.sec.gov/Archives/edgar/data/314650/000114554920000602/0001145549-20-000602-index.htm
0001718745-20-000012,763852,JPMORGAN TRUST II,2020-01-08,https://www.sec.gov/Archives/edgar/data/763852/000171874520000012/0001718745-20-000012-index.htm
0001145549-20-000673,1011008,State Street Navigator Securities Lending Trust,2020-01-08,https://www.sec.gov/Archives/edgar/data/1011008/000114554920000673/0001145549-20-000673-index.htm
0001145549-20-000682,814079,Funds For Institutions Series,2020-01-08,https://www.sec.gov/Archives/edgar/data/814079/000114554920000682/0001145549-20-000682-index.htm
0001145549-20-000826,106830,VANGUARD MONEY MARKET RESERVES,2020-01-08,https://www.sec.gov/Archives/edgar/data/106830/000114554920000826/0001145549-20-000826-index.htm
0001718745-20-000011,1217286,JPMorgan Trust I,2020-01-08,https://www.sec.gov/Archives/edgar/data/1217286/000171874520000011/0001718745-20-000011-index.htm
0001145549-20-000471,1169187,"T. Rowe Price Institutional Income Funds, Inc.",2020-01-08,https://www.sec.gov/Archives/edgar/data/1169187/000114554920000471/0001145549-20-000471-index.htm
0001145549-20-000768,842790,AIM INVESTMENT SECURITIES FUNDS (INVESCO INVESTMENT SECURITIES FUNDS),2020-01-08,https://www.sec.gov/Archives/edgar/data/842790/000114554920000768/0001145549-20-000768-index.htm
0000357057-20-000003,357057,FIDELITY MASSACHUSETTS MUNICIPAL TRUST,2020-01-08,https://www.sec.gov/Archives/edgar/data/357057/000035705720000003/0000357057-20-000003-index.htm
0001022695-20-000005,1022695,FIDELITY REVERE STREET TRUST,2020-01-08,https://www.sec.gov/Archives/edgar/data/1022695/000102269520000005/0001022695-20-000005-index.htm
0001022695-20-000008,1022695,FIDELITY REVERE STREET TRUST,2020-01-08,https://www.sec.gov/Archives/edgar/data/1022695/000102269520000008/0001022695-20-000008-index.htm
0001145549-20-000690,893818,BlackRock Funds III,2020-01-08,https://www.sec.gov/Archives/edgar/data/893818/000114554920000690/0001145549-20-000690-index.htm
0001145549-20-000732,1107414,STATE STREET INSTITUTIONAL INVESTMENT TRUST,2020-01-08,https://www.sec.gov/Archives/edgar/data/1107414/000114554920000732/0001145549-20-000732-index.htm
0001145549-20-000797,810893,PIMCO FUNDS,2020-01-08,https://www.sec.gov/Archives/edgar/data/810893/000114554920000797/0001145549-20-000797-index.htm
0001145549-20-000582,710124,NORTHERN INSTITUTIONAL FUNDS,2020-01-08,https://www.sec.gov/Archives/edgar/data/710124/000114554920000582/0001145549-20-000582-index.htm
0001145549-20-000747,889512,LEGG MASON PARTNERS INSTITUTIONAL TRUST,2020-01-08,https://www.sec.gov/Archives/edgar/data/889512/000114554920000747/0001145549-20-000747-index.htm
0001145549-20-000821,891190,VANGUARD ADMIRAL FUNDS,2020-01-08,https://www.sec.gov/Archives/edgar/data/891190/000114554920000821/0001145549-20-000821-index.htm
0001580642-20-000103,1029068,ADVISORONE FUNDS,2020-01-08,https://www.sec.gov/Archives/edgar/data/1029068/000158064220000103/0001580642-20-000103-index.htm
0000880797-20-000003,880797,FIDELITY UNION STREET TRUST II,2020-01-08,https://www.sec.gov/Archives/edgar/data/880797/000088079720000003/0000880797-20-000003-index.htm
0001145549-20-000711,701939,SEI DAILY INCOME TRUST /MA/,2020-01-08,https://www.sec.gov/Archives/edgar/data/701939/000114554920000711/0001145549-20-000711-index.htm
0001145549-20-000635,787441,MAINSTAY FUNDS,2020-01-08,https://www.sec.gov/Archives/edgar/data/787441/000114554920000635/0001145549-20-000635-index.htm
0001145549-20-000638,356476,GREAT-WEST FUNDS INC,2020-01-08,https://www.sec.gov/Archives/edgar/data/356476/000114554920000638/0001145549-20-000638-index.htm
0001145549-20-000731,857156,CHARLES SCHWAB FAMILY OF FUNDS,2020-01-08,https://www.sec.gov/Archives/edgar/data/857156/000114554920000731/0001145549-20-000731-index.htm
0001145549-20-000748,889512,LEGG MASON PARTNERS INSTITUTIONAL TRUST,2020-01-08,https://www.sec.gov/Archives/edgar/data/889512/000114554920000748/0001145549-20-000748-index.htm
0001258897-20-000003,856517,MONEY MARKET OBLIGATIONS TRUST,2020-01-08,https://www.sec.gov/Archives/edgar/data/856517/000125889720000003/0001258897-20-000003-index.htm
0001145549-20-000545,822977,GOLDMAN SACHS TRUST,2020-01-08,https://www.sec.gov/Archives/edgar/data/822977/000114554920000545/0001145549-20-000545-index.htm
0001145549-20-000672,930007,PACE SELECT ADVISORS TRUST,2020-01-08,https://www.sec.gov/Archives/edgar/data/930007/000114554920000672/0001145549-20-000672-index.htm
0001145549-20-000705,765485,INSTITUTIONAL FIDUCIARY TRUST,2020-01-08,https://www.sec.gov/Archives/edgar/data/765485/000114554920000705/0001145549-20-000705-index.htm
0001145549-20-000636,1469192,MAINSTAY FUNDS TRUST,2020-01-08,https://www.sec.gov/Archives/edgar/data/1469192/000114554920000636/0001145549-20-000636-index.htm
0001145549-20-000773,828806,AIM TREASURER'S SERIES TRUST (INVESCO TREASURER'S SERIES TRUST),2020-01-08,https://www.sec.gov/Archives/edgar/data/828806/000114554920000773/0001145549-20-000773-index.htm
0001145549-20-000828,821404,VANGUARD NEW JERSEY TAX-FREE FUNDS,2020-01-08,https://www.sec.gov/Archives/edgar/data/821404/000114554920000828/0001145549-20-000828-index.htm
0000702149-20-000002,702149,NORTH CAROLINA CAPITAL MANAGEMENT TRUST,2020-01-08,https://www.sec.gov/Archives/edgar/data/702149/000070214920000002/0000702149-20-000002-index.htm
0001145549-20-000640,933691,JNL SERIES TRUST,2020-01-08,https://www.sec.gov/Archives/edgar/data/933691/000114554920000640/0001145549-20-000640-index.htm
0001145549-20-000665,1060517,UBS Series Funds,2020-01-08,https://www.sec.gov/Archives/edgar/data/1060517/000114554920000665/0001145549-20-000665-index.htm
0001145549-20-000683,814079,Funds For Institutions Series,2020-01-08,https://www.sec.gov/Archives/edgar/data/814079/000114554920000683/0001145549-20-000683-index.htm
0001145549-20-000700,1227155,MORGAN STANLEY INSTITUTIONAL LIQUIDITY FUNDS,2020-01-08,https://www.sec.gov/Archives/edgar/data/1227155/000114554920000700/0001145549-20-000700-index.htm
0001145549-20-000712,701939,SEI DAILY INCOME TRUST /MA/,2020-01-08,https://www.sec.gov/Archives/edgar/data/701939/000114554920000712/0001145549-20-000712-index.htm
0001258897-20-000012,856517,MONEY MARKET OBLIGATIONS TRUST,2020-01-08,https://www.sec.gov/Archives/edgar/data/856517/000125889720000012/0001258897-20-000012-index.htm
0000357057-20-000004,357057,FIDELITY MASSACHUSETTS MUNICIPAL TRUST,2020-01-08,https://www.sec.gov/Archives/edgar/data/357057/000035705720000004/0000357057-20-000004-index.htm
0001145549-20-000589,916620,NORTHERN FUNDS,2020-01-08,https://www.sec.gov/Archives/edgar/data/916620/000114554920000589/0001145549-20-000589-index.htm
0001145549-20-000654,1403166,Master Trust,2020-01-08,https://www.sec.gov/Archives/edgar/data/1403166/000114554920000654/0001145549-20-000654-index.htm
0001145549-20-000733,1107414,STATE STREET INSTITUTIONAL INVESTMENT TRUST,2020-01-08,https://www.sec.gov/Archives/edgar/data/1107414/000114554920000733/0001145549-20-000733-index.htm
0001145549-20-000736,1107414,STATE STREET INSTITUTIONAL INVESTMENT TRUST,2020-01-08,https://www.sec.gov/Archives/edgar/data/1107414/000114554920000736/0001145549-20-000736-index.htm
0001258897-20-000020,856517,MONEY MARKET OBLIGATIONS TRUST,2020-01-08,https://www.sec.gov/Archives/edgar/data/856517/000125889720000020/0001258897-20-000020-index.htm
0001718745-20-000013,763852,JPMORGAN TRUST II,2020-01-08,https://www.sec.gov/Archives/edgar/data/763852/000171874520000013/0001718745-20-000013-index.htm
0000356173-20-000009,356173,Fidelity Colchester Street Trust,2020-01-08,https://www.sec.gov/Archives/edgar/data/356173/000035617320000009/0000356173-20-000009-index.htm
0001004726-20-000010,1039803,PROFUNDS,2020-01-08,https://www.sec.gov/Archives/edgar/data/1039803/000100472620000010/0001004726-20-000010-index.htm
0001145549-20-000728,857156,CHARLES SCHWAB FAMILY OF FUNDS,2020-01-08,https://www.sec.gov/Archives/edgar/data/857156/000114554920000728/0001145549-20-000728-index.htm
0001145549-20-000470,853437,"T. Rowe Price U.S. Treasury Funds, Inc.",2020-01-08,https://www.sec.gov/Archives/edgar/data/853437/000114554920000470/0001145549-20-000470-index.htm
0001145549-20-000585,710124,NORTHERN INSTITUTIONAL FUNDS,2020-01-08,https://www.sec.gov/Archives/edgar/data/710124/000114554920000585/0001145549-20-000585-index.htm
0001145549-20-000668,1060517,UBS Series Funds,2020-01-08,https://www.sec.gov/Archives/edgar/data/1060517/000114554920000668/0001145549-20-000668-index.htm
0001145549-20-000684,1065899,ALIGHT SERIES TRUST,2020-01-08,https://www.sec.gov/Archives/edgar/data/1065899/000114554920000684/0001145549-20-000684-index.htm
0001145549-20-000687,1161852,MASTER INSTITUTIONAL MONEY MARKET LLC,2020-01-08,https://www.sec.gov/Archives/edgar/data/1161852/000114554920000687/0001145549-20-000687-index.htm
0001145549-20-000814,55189,DEUTSCHE DWS MONEY FUNDS,2020-01-08,https://www.sec.gov/Archives/edgar/data/55189/000114554920000814/0001145549-20-000814-index.htm
0001145549-20-000475,798244,MFS SERIES TRUST I,2020-01-08,https://www.sec.gov/Archives/edgar/data/798244/000114554920000475/0001145549-20-000475-index.htm
0001145549-20-000662,1060517,UBS Series Funds,2020-01-08,https://www.sec.gov/Archives/edgar/data/1060517/000114554920000662/0001145549-20-000662-index.htm
0001145549-20-000810,863209,INVESTORS CASH TRUST,2020-01-08,https://www.sec.gov/Archives/edgar/data/863209/000114554920000810/0001145549-20-000810-index.htm
0001258897-20-000001,856517,MONEY MARKET OBLIGATIONS TRUST,2020-01-08,https://www.sec.gov/Archives/edgar/data/856517/000125889720000001/0001258897-20-000001-index.htm
0001145549-20-000520,830744,WILMINGTON FUNDS,2020-01-08,https://www.sec.gov/Archives/edgar/data/830744/000114554920000520/0001145549-20-000520-index.htm
0001145549-20-000531,888129,GABELLI MONEY MARKET FUNDS,2020-01-08,https://www.sec.gov/Archives/edgar/data/888129/000114554920000531/0001145549-20-000531-index.htm
0001145549-20-000597,889366,"BMO FUNDS, INC.",2020-01-08,https://www.sec.gov/Archives/edgar/data/889366/000114554920000597/0001145549-20-000597-index.htm
0001145549-20-000788,205007,SHORT-TERM INVESTMENTS TRUST,2020-01-08,https://www.sec.gov/Archives/edgar/data/205007/000114554920000788/0001145549-20-000788-index.htm
0001145549-20-000816,703642,DEUTSCHE DWS MONEY MARKET TRUST,2020-01-08,https://www.sec.gov/Archives/edgar/data/703642/000114554920000816/0001145549-20-000816-index.htm
0001398344-20-000418,778206,SHELTON FUNDS,2020-01-08,https://www.sec.gov/Archives/edgar/data/778206/000139834420000418/0001398344-20-000418-index.htm
0001022695-20-000007,1022695,FIDELITY REVERE STREET TRUST,2020-01-08,https://www.sec.gov/Archives/edgar/data/1022695/000102269520000007/0001022695-20-000007-index.htm
0001145549-20-000464,920467,"T. Rowe Price Fixed Income Series, Inc.",2020-01-08,https://www.sec.gov/Archives/edgar/data/920467/000114554920000464/0001145549-20-000464-index.htm
0001145549-20-000659,1060517,UBS Series Funds,2020-01-08,https://www.sec.gov/Archives/edgar/data/1060517/000114554920000659/0001145549-20-000659-index.htm
0001145549-20-000696,915092,MASTER INVESTMENT PORTFOLIO,2020-01-08,https://www.sec.gov/Archives/edgar/data/915092/000114554920000696/0001145549-20-000696-index.htm
0001145549-20-000704,1227155,MORGAN STANLEY INSTITUTIONAL LIQUIDITY FUNDS,2020-01-08,https://www.sec.gov/Archives/edgar/data/1227155/000114554920000704/0001145549-20-000704-index.htm
0001145549-20-000719,918266,SCHWAB ANNUITY PORTFOLIOS,2020-01-08,https://www.sec.gov/Archives/edgar/data/918266/000114554920000719/0001145549-20-000719-index.htm
0001145549-20-000760,747576,LEGG MASON PARTNERS MONEY MARKET TRUST,2020-01-08,https://www.sec.gov/Archives/edgar/data/747576/000114554920000760/0001145549-20-000760-index.htm
0001145549-20-000775,828806,AIM TREASURER'S SERIES TRUST (INVESCO TREASURER'S SERIES TRUST),2020-01-08,https://www.sec.gov/Archives/edgar/data/828806/000114554920000775/0001145549-20-000775-index.htm
0001258897-20-000004,856517,MONEY MARKET OBLIGATIONS TRUST,2020-01-08,https://www.sec.gov/Archives/edgar/data/856517/000125889720000004/0001258897-20-000004-index.htm
0001258897-20-000014,856517,MONEY MARKET OBLIGATIONS TRUST,2020-01-08,https://www.sec.gov/Archives/edgar/data/856517/000125889720000014/0001258897-20-000014-index.htm
0000704207-20-000003,704207,Fidelity Newbury Street Trust,2020-01-08,https://www.sec.gov/Archives/edgar/data/704207/000070420720000003/0000704207-20-000003-index.htm
0001145549-20-000699,915092,MASTER INVESTMENT PORTFOLIO,2020-01-08,https://www.sec.gov/Archives/edgar/data/915092/000114554920000699/0001145549-20-000699-index.htm
0001145549-20-000818,703642,DEUTSCHE DWS MONEY MARKET TRUST,2020-01-08,https://www.sec.gov/Archives/edgar/data/703642/000114554920000818/0001145549-20-000818-index.htm
0001003715-20-000010,795259,MUTUAL OF AMERICA INVESTMENT CORP,2020-01-08,https://www.sec.gov/Archives/edgar/data/795259/000100371520000010/0001003715-20-000010-index.htm
0001145549-20-000743,889512,LEGG MASON PARTNERS INSTITUTIONAL TRUST,2020-01-08,https://www.sec.gov/Archives/edgar/data/889512/000114554920000743/0001145549-20-000743-index.htm
0001145549-20-000754,1094885,STATE STREET MASTER FUNDS,2020-01-08,https://www.sec.gov/Archives/edgar/data/1094885/000114554920000754/0001145549-20-000754-index.htm
0001145549-20-000761,889512,LEGG MASON PARTNERS INSTITUTIONAL TRUST,2020-01-08,https://www.sec.gov/Archives/edgar/data/889512/000114554920000761/0001145549-20-000761-index.htm
0001145549-20-000780,896435,AIM VARIABLE INSURANCE FUNDS (INVESCO VARIABLE INSURANCE FUNDS),2020-01-08,https://www.sec.gov/Archives/edgar/data/896435/000114554920000780/0001145549-20-000780-index.htm
0001258897-20-000017,856517,MONEY MARKET OBLIGATIONS TRUST,2020-01-08,https://www.sec.gov/Archives/edgar/data/856517/000125889720000017/0001258897-20-000017-index.htm
0001718745-20-000015,1659326,JPMORGAN TRUST IV,2020-01-08,https://www.sec.gov/Archives/edgar/data/1659326/000171874520000015/0001718745-20-000015-index.htm
0001004726-20-000011,1039803,PROFUNDS,2020-01-08,https://www.sec.gov/Archives/edgar/data/1039803/000100472620000011/0001004726-20-000011-index.htm
0001145549-20-000527,311635,LORD ABBETT US GOV & GOV SPONSORED ENTERPR MONEY MARKET FUND,2020-01-08,https://www.sec.gov/Archives/edgar/data/311635/000114554920000527/0001145549-20-000527-index.htm
0001145549-20-000569,1272950,RBC FUNDS TRUST,2020-01-08,https://www.sec.gov/Archives/edgar/data/1272950/000114554920000569/0001145549-20-000569-index.htm
0001145549-20-000584,710124,NORTHERN INSTITUTIONAL FUNDS,2020-01-08,https://www.sec.gov/Archives/edgar/data/710124/000114554920000584/0001145549-20-000584-index.htm
0001145549-20-000634,862021,AB FIXED INCOME SHARES INC,2020-01-08,https://www.sec.gov/Archives/edgar/data/862021/000114554920000634/0001145549-20-000634-index.htm
0001145549-20-000649,855630,ELFUN GOVERNMENT MONEY MARKET FUND,2020-01-08,https://www.sec.gov/Archives/edgar/data/855630/000114554920000649/0001145549-20-000649-index.htm
0001145549-20-000718,1140869,MASTER PORTFOLIO TRUST,2020-01-08,https://www.sec.gov/Archives/edgar/data/1140869/000114554920000718/0001145549-20-000718-index.htm
0001145549-20-000746,889512,LEGG MASON PARTNERS INSTITUTIONAL TRUST,2020-01-08,https://www.sec.gov/Archives/edgar/data/889512/000114554920000746/0001145549-20-000746-index.htm
0001145549-20-000756,1094885,STATE STREET MASTER FUNDS,2020-01-08,https://www.sec.gov/Archives/edgar/data/1094885/000114554920000756/0001145549-20-000756-index.htm
0001145549-20-000790,205007,SHORT-TERM INVESTMENTS TRUST,2020-01-08,https://www.sec.gov/Archives/edgar/data/205007/000114554920000790/0001145549-20-000790-index.htm
0001145549-20-000812,862064,GOVERNMENT CASH MANAGEMENT PORTFOLIO,2020-01-08,https://www.sec.gov/Archives/edgar/data/862064/000114554920000812/0001145549-20-000812-index.htm
0000356173-20-000010,356173,Fidelity Colchester Street Trust,2020-01-08,https://www.sec.gov/Archives/edgar/data/356173/000035617320000010/0000356173-20-000010-index.htm
0001145549-20-000524,830744,WILMINGTON FUNDS,2020-01-08,https://www.sec.gov/Archives/edgar/data/830744/000114554920000524/0001145549-20-000524-index.htm
0001145549-20-000681,814079,Funds For Institutions Series,2020-01-08,https://www.sec.gov/Archives/edgar/data/814079/000114554920000681/0001145549-20-000681-index.htm
0001145549-20-000710,701939,SEI DAILY INCOME TRUST /MA/,2020-01-08,https://www.sec.gov/Archives/edgar/data/701939/000114554920000710/0001145549-20-000710-index.htm
0001145549-20-000762,747576,LEGG MASON PARTNERS MONEY MARKET TRUST,2020-01-08,https://www.sec.gov/Archives/edgar/data/747576/000114554920000762/0001145549-20-000762-index.htm
0001145549-20-000815,810573,DEUTSCHE DWS VARIABLE SERIES II,2020-01-08,https://www.sec.gov/Archives/edgar/data/810573/000114554920000815/0001145549-20-000815-index.htm
0001145549-20-000538,822977,GOLDMAN SACHS TRUST,2020-01-08,https://www.sec.gov/Archives/edgar/data/822977/000114554920000538/0001145549-20-000538-index.htm
0001145549-20-000749,850628,LEGG MASON PARTNERS PREMIUM MONEY MARKET TRUST,2020-01-08,https://www.sec.gov/Archives/edgar/data/850628/000114554920000749/0001145549-20-000749-index.htm
0001258897-20-000018,856517,MONEY MARKET OBLIGATIONS TRUST,2020-01-08,https://www.sec.gov/Archives/edgar/data/856517/000125889720000018/0001258897-20-000018-index.htm
0001718745-20-000025,1217286,JPMorgan Trust I,2020-01-08,https://www.sec.gov/Archives/edgar/data/1217286/000171874520000025/0001718745-20-000025-index.htm
0000878662-20-000003,878662,FIDELITY CALIFORNIA MUNICIPAL TRUST II,2020-01-08,https://www.sec.gov/Archives/edgar/data/878662/000087866220000003/0000878662-20-000003-index.htm
0001004726-20-000018,908695,USAA MUTUAL FUNDS TRUST,2020-01-08,https://www.sec.gov/Archives/edgar/data/908695/000100472620000018/0001004726-20-000018-index.htm
0001145549-20-000539,822977,GOLDMAN SACHS TRUST,2020-01-08,https://www.sec.gov/Archives/edgar/data/822977/000114554920000539/0001145549-20-000539-index.htm
0001145549-20-000703,1227155,MORGAN STANLEY INSTITUTIONAL LIQUIDITY FUNDS,2020-01-08,https://www.sec.gov/Archives/edgar/data/1227155/000114554920000703/0001145549-20-000703-index.htm
0001145549-20-000724,857156,CHARLES SCHWAB FAMILY OF FUNDS,2020-01-08,https://www.sec.gov/Archives/edgar/data/857156/000114554920000724/0001145549-20-000724-index.htm
0001145549-20-000769,842790,AIM INVESTMENT SECURITIES FUNDS (INVESCO INVESTMENT SECURITIES FUNDS),2020-01-08,https://www.sec.gov/Archives/edgar/data/842790/000114554920000769/0001145549-20-000769-index.htm
0001145549-20-000809,863209,INVESTORS CASH TRUST,2020-01-08,https://www.sec.gov/Archives/edgar/data/863209/000114554920000809/0001145549-20-000809-index.htm
0000035315-20-000004,35315,FIDELITY SALEM STREET TRUST,2020-01-08,https://www.sec.gov/Archives/edgar/data/35315/000003531520000004/0000035315-20-000004-index.htm
0000894189-20-000133,356134,FIRST AMERICAN FUNDS INC,2020-01-08,https://www.sec.gov/Archives/edgar/data/356134/000089418920000133/0000894189-20-000133-index.htm
0001004726-20-000019,798290,HSBC FUNDS,2020-01-08,https://www.sec.gov/Archives/edgar/data/798290/000100472620000019/0001004726-20-000019-index.htm
0001145549-20-000542,822977,GOLDMAN SACHS TRUST,2020-01-08,https://www.sec.gov/Archives/edgar/data/822977/000114554920000542/0001145549-20-000542-index.htm
0001145549-20-000596,889366,"BMO FUNDS, INC.",2020-01-08,https://www.sec.gov/Archives/edgar/data/889366/000114554920000596/0001145549-20-000596-index.htm
0001145549-20-000661,1060517,UBS Series Funds,2020-01-08,https://www.sec.gov/Archives/edgar/data/1060517/000114554920000661/0001145549-20-000661-index.htm
0001145549-20-000666,1060517,UBS Series Funds,2020-01-08,https://www.sec.gov/Archives/edgar/data/1060517/000114554920000666/0001145549-20-000666-index.htm
0001145549-20-000735,1107414,STATE STREET INSTITUTIONAL INVESTMENT TRUST,2020-01-08,https://www.sec.gov/Archives/edgar/data/1107414/000114554920000735/0001145549-20-000735-index.htm
0001145549-20-000742,889512,LEGG MASON PARTNERS INSTITUTIONAL TRUST,2020-01-08,https://www.sec.gov/Archives/edgar/data/889512/000114554920000742/0001145549-20-000742-index.htm
0001145549-20-000808,863209,INVESTORS CASH TRUST,2020-01-08,https://www.sec.gov/Archives/edgar/data/863209/000114554920000808/0001145549-20-000808-index.htm
0001145549-20-000599,889366,"BMO FUNDS, INC.",2020-01-08,https://www.sec.gov/Archives/edgar/data/889366/000114554920000599/0001145549-20-000599-index.htm
0001145549-20-000656,1060517,UBS Series Funds,2020-01-08,https://www.sec.gov/Archives/edgar/data/1060517/000114554920000656/0001145549-20-000656-index.htm
0001145549-20-000660,1060517,UBS Series Funds,2020-01-08,https://www.sec.gov/Archives/edgar/data/1060517/000114554920000660/0001145549-20-000660-index.htm
0001145549-20-000829,788599,VANGUARD NEW YORK TAX-FREE FUNDS,2020-01-08,https://www.sec.gov/Archives/edgar/data/788599/000114554920000829/0001145549-20-000829-index.htm
0001145549-20-000831,857490,VANGUARD VARIABLE INSURANCE FUNDS,2020-01-08,https://www.sec.gov/Archives/edgar/data/857490/000114554920000831/0001145549-20-000831-index.htm
0001145549-20-000465,315748,"T. Rowe Price Tax-Exempt Money Fund, Inc.",2020-01-08,https://www.sec.gov/Archives/edgar/data/315748/000114554920000465/0001145549-20-000465-index.htm
0001145549-20-000549,773674,AMERICAN CENTURY GOVERNMENT INCOME TRUST,2020-01-08,https://www.sec.gov/Archives/edgar/data/773674/000114554920000549/0001145549-20-000549-index.htm
0001145549-20-000744,889512,LEGG MASON PARTNERS INSTITUTIONAL TRUST,2020-01-08,https://www.sec.gov/Archives/edgar/data/889512/000114554920000744/0001145549-20-000744-index.htm
0001145549-20-000817,703642,DEUTSCHE DWS MONEY MARKET TRUST,2020-01-08,https://www.sec.gov/Archives/edgar/data/703642/000114554920000817/0001145549-20-000817-index.htm
0001258897-20-000010,856517,MONEY MARKET OBLIGATIONS TRUST,2020-01-08,https://www.sec.gov/Archives/edgar/data/856517/000125889720000010/0001258897-20-000010-index.htm
0001718745-20-000024,763852,JPMORGAN TRUST II,2020-01-08,https://www.sec.gov/Archives/edgar/data/763852/000171874520000024/0001718745-20-000024-index.htm
0001145549-20-000458,1096012,AMERICAN BEACON SELECT FUNDS,2020-01-08,https://www.sec.gov/Archives/edgar/data/1096012/000114554920000458/0001145549-20-000458-index.htm
0001145549-20-000463,795384,"T. Rowe Price State Tax-Free Funds, Inc.",2020-01-08,https://www.sec.gov/Archives/edgar/data/795384/000114554920000463/0001145549-20-000463-index.htm
0001145549-20-000548,717316,AMERICAN CENTURY CALIFORNIA TAX FREE & MUNICIPAL FUNDS,2020-01-08,https://www.sec.gov/Archives/edgar/data/717316/000114554920000548/0001145549-20-000548-index.htm
0001145549-20-000587,916620,NORTHERN FUNDS,2020-01-08,https://www.sec.gov/Archives/edgar/data/916620/000114554920000587/0001145549-20-000587-index.htm
0001145549-20-000679,814079,Funds For Institutions Series,2020-01-08,https://www.sec.gov/Archives/edgar/data/814079/000114554920000679/0001145549-20-000679-index.htm
0001145549-20-000755,1094885,STATE STREET MASTER FUNDS,2020-01-08,https://www.sec.gov/Archives/edgar/data/1094885/000114554920000755/0001145549-20-000755-index.htm
0000356173-20-000012,356173,Fidelity Colchester Street Trust,2020-01-08,https://www.sec.gov/Archives/edgar/data/356173/000035617320000012/0000356173-20-000012-index.htm
0000793769-20-000005,793769,HARBOR FUNDS,2020-01-08,https://www.sec.gov/Archives/edgar/data/793769/000079376920000005/0000793769-20-000005-index.htm
0001258897-20-000006,856517,MONEY MARKET OBLIGATIONS TRUST,2020-01-08,https://www.sec.gov/Archives/edgar/data/856517/000125889720000006/0001258897-20-000006-index.htm
0000035315-20-000003,35315,FIDELITY SALEM STREET TRUST,2020-01-08,https://www.sec.gov/Archives/edgar/data/35315/000003531520000003/0000035315-20-000003-index.htm
0001145549-20-000637,887340,MAINSTAY VP FUNDS TRUST,2020-01-08,https://www.sec.gov/Archives/edgar/data/887340/000114554920000637/0001145549-20-000637-index.htm
0001258897-20-000015,856517,MONEY MARKET OBLIGATIONS TRUST,2020-01-08,https://www.sec.gov/Archives/edgar/data/856517/000125889720000015/0001258897-20-000015-index.htm
0000823535-20-000002,823535,Variable Insurance Products Fund V,2020-01-08,https://www.sec.gov/Archives/edgar/data/823535/000082353520000002/0000823535-20-000002-index.htm
0001145549-20-000468,1034386,"T. Rowe Price Reserve Investment Funds, Inc.",2020-01-08,https://www.sec.gov/Archives/edgar/data/1034386/000114554920000468/0001145549-20-000468-index.htm
0001145549-20-000581,710124,NORTHERN INSTITUTIONAL FUNDS,2020-01-08,https://www.sec.gov/Archives/edgar/data/710124/000114554920000581/0001145549-20-000581-index.htm
0001145549-20-000734,1107414,STATE STREET INSTITUTIONAL INVESTMENT TRUST,2020-01-08,https://www.sec.gov/Archives/edgar/data/1107414/000114554920000734/0001145549-20-000734-index.htm
0001145549-20-000758,1094885,STATE STREET MASTER FUNDS,2020-01-08,https://www.sec.gov/Archives/edgar/data/1094885/000114554920000758/0001145549-20-000758-index.htm
0001145549-20-000779,896435,AIM VARIABLE INSURANCE FUNDS (INVESCO VARIABLE INSURANCE FUNDS),2020-01-08,https://www.sec.gov/Archives/edgar/data/896435/000114554920000779/0001145549-20-000779-index.htm
0000277751-20-000004,277751,JANUS INVESTMENT FUND,2020-01-08,https://www.sec.gov/Archives/edgar/data/277751/000027775120000004/0000277751-20-000004-index.htm
0001003715-20-000011,812195,PIONEER MONEY MARKET TRUST,2020-01-08,https://www.sec.gov/Archives/edgar/data/812195/000100371520000011/0001003715-20-000011-index.htm
0001145549-20-000370,778207,TRANSAMERICA SERIES TRUST,2020-01-07,https://www.sec.gov/Archives/edgar/data/778207/000114554920000370/0001145549-20-000370-index.htm
0001206774-20-000025,2663,VOYA GOVERNMENT MONEY MARKET PORTFOLIO,2020-01-07,https://www.sec.gov/Archives/edgar/data/2663/000120677420000025/0001206774-20-000025-index.htm
0001104659-20-002007,807878,PFM Funds,2020-01-07,https://www.sec.gov/Archives/edgar/data/807878/000110465920002007/0001104659-20-002007-index.htm
0001145549-20-000440,927972,MASSMUTUAL PREMIER FUNDS,2020-01-07,https://www.sec.gov/Archives/edgar/data/927972/000114554920000440/0001145549-20-000440-index.htm
0001717734-20-000008,844779,BLACKROCK FUNDS,2020-01-07,https://www.sec.gov/Archives/edgar/data/844779/000171773420000008/0001717734-20-000008-index.htm
0001398344-20-000324,702435,Meeder Funds,2020-01-07,https://www.sec.gov/Archives/edgar/data/702435/000139834420000324/0001398344-20-000324-index.htm
0001004726-20-000006,864508,Cavanal Hill Funds,2020-01-07,https://www.sec.gov/Archives/edgar/data/864508/000100472620000006/0001004726-20-000006-index.htm
0001145549-20-000397,1081400,WELLS FARGO FUNDS TRUST,2020-01-07,https://www.sec.gov/Archives/edgar/data/1081400/000114554920000397/0001145549-20-000397-index.htm
0001717734-20-000005,1027263,EQ ADVISORS TRUST,2020-01-07,https://www.sec.gov/Archives/edgar/data/1027263/000171773420000005/0001717734-20-000005-index.htm
0000883622-20-000001,883622,IVY FUNDS,2020-01-07,https://www.sec.gov/Archives/edgar/data/883622/000088362220000001/0000883622-20-000001-index.htm
0001145549-20-000294,1388485,FundVantage Trust,2020-01-07,https://www.sec.gov/Archives/edgar/data/1388485/000114554920000294/0001145549-20-000294-index.htm
0001206774-20-000027,1066602,Voya FUNDS TRUST,2020-01-07,https://www.sec.gov/Archives/edgar/data/1066602/000120677420000027/0001206774-20-000027-index.htm
0000928816-20-000014,822671,PUTNAM VARIABLE TRUST,2020-01-07,https://www.sec.gov/Archives/edgar/data/822671/000092881620000014/0000928816-20-000014-index.htm
0001145549-20-000396,1081400,WELLS FARGO FUNDS TRUST,2020-01-07,https://www.sec.gov/Archives/edgar/data/1081400/000114554920000396/0001145549-20-000396-index.htm
0001145549-20-000431,774412,PLAN INVESTMENT FUND INC,2020-01-07,https://www.sec.gov/Archives/edgar/data/774412/000114554920000431/0001145549-20-000431-index.htm
0001145549-20-000361,1352280,Columbia Funds Series Trust II,2020-01-07,https://www.sec.gov/Archives/edgar/data/1352280/000114554920000361/0001145549-20-000361-index.htm
0000810016-20-000001,810016,Ivy Variable Insurance Portfolios,2020-01-07,https://www.sec.gov/Archives/edgar/data/810016/000081001620000001/0000810016-20-000001-index.htm
0001145549-20-000402,1081400,WELLS FARGO FUNDS TRUST,2020-01-07,https://www.sec.gov/Archives/edgar/data/1081400/000114554920000402/0001145549-20-000402-index.htm
0001145549-20-000425,777535,COLLEGE RETIREMENT EQUITIES FUND,2020-01-07,https://www.sec.gov/Archives/edgar/data/777535/000114554920000425/0001145549-20-000425-index.htm
0001145549-20-000398,1081400,WELLS FARGO FUNDS TRUST,2020-01-07,https://www.sec.gov/Archives/edgar/data/1081400/000114554920000398/0001145549-20-000398-index.htm
0001145549-20-000348,702340,PENN SERIES FUNDS INC,2020-01-07,https://www.sec.gov/Archives/edgar/data/702340/000114554920000348/0001145549-20-000348-index.htm
0001145549-20-000399,1081400,WELLS FARGO FUNDS TRUST,2020-01-07,https://www.sec.gov/Archives/edgar/data/1081400/000114554920000399/0001145549-20-000399-index.htm
0001727644-20-000007,97098,BLACKROCK LIQUIDITY FUNDS,2020-01-07,https://www.sec.gov/Archives/edgar/data/97098/000172764420000007/0001727644-20-000007-index.htm
0001717734-20-000006,97098,BLACKROCK LIQUIDITY FUNDS,2020-01-07,https://www.sec.gov/Archives/edgar/data/97098/000171773420000006/0001717734-20-000006-index.htm
0000898745-20-000005,898745,PRINCIPAL FUNDS INC,2020-01-07,https://www.sec.gov/Archives/edgar/data/898745/000089874520000005/0000898745-20-000005-index.htm
0001206774-20-000026,837276,Voya INVESTORS TRUST,2020-01-07,https://www.sec.gov/Archives/edgar/data/837276/000120677420000026/0001206774-20-000026-index.htm
0001145549-20-000395,1081400,WELLS FARGO FUNDS TRUST,2020-01-07,https://www.sec.gov/Archives/edgar/data/1081400/000114554920000395/0001145549-20-000395-index.htm
0001145549-20-000400,1081400,WELLS FARGO FUNDS TRUST,2020-01-07,https://www.sec.gov/Archives/edgar/data/1081400/000114554920000400/0001145549-20-000400-index.htm
0001145549-20-000356,203002,DAVIS SERIES INC,2020-01-07,https://www.sec.gov/Archives/edgar/data/203002/000114554920000356/0001145549-20-000356-index.htm
0001717981-20-000005,97098,BLACKROCK LIQUIDITY FUNDS,2020-01-07,https://www.sec.gov/Archives/edgar/data/97098/000171798120000005/0001717981-20-000005-index.htm
0001727644-20-000006,97098,BLACKROCK LIQUIDITY FUNDS,2020-01-07,https://www.sec.gov/Archives/edgar/data/97098/000172764420000006/0001727644-20-000006-index.htm
0000899148-20-000005,1064046,RYDEX VARIABLE TRUST,2020-01-07,https://www.sec.gov/Archives/edgar/data/1064046/000089914820000005/0000899148-20-000005-index.htm
0001145549-20-000298,766351,Securian Funds Trust,2020-01-07,https://www.sec.gov/Archives/edgar/data/766351/000114554920000298/0001145549-20-000298-index.htm
0001145549-20-000371,787623,TRANSAMERICA FUNDS,2020-01-07,https://www.sec.gov/Archives/edgar/data/787623/000114554920000371/0001145549-20-000371-index.htm
0001145549-20-000351,1040612,MADISON FUNDS,2020-01-07,https://www.sec.gov/Archives/edgar/data/1040612/000114554920000351/0001145549-20-000351-index.htm
0001717981-20-000006,97098,BLACKROCK LIQUIDITY FUNDS,2020-01-07,https://www.sec.gov/Archives/edgar/data/97098/000171798120000006/0001717981-20-000006-index.htm
0000740766-20-000001,740766,DREYFUS GOVERNMENT CASH MANAGEMENT FUNDS,2020-01-07,https://www.sec.gov/Archives/edgar/data/740766/000074076620000001/0000740766-20-000001-index.htm
0000928816-20-000016,932101,PUTNAM INVESTMENT FUNDS,2020-01-07,https://www.sec.gov/Archives/edgar/data/932101/000092881620000016/0000928816-20-000016-index.htm
0001145549-20-000342,865733,HOMESTEAD FUNDS INC,2020-01-07,https://www.sec.gov/Archives/edgar/data/865733/000114554920000342/0001145549-20-000342-index.htm
0000928816-20-000012,81248,PUTNAM MONEY MARKET FUND,2020-01-07,https://www.sec.gov/Archives/edgar/data/81248/000092881620000012/0000928816-20-000012-index.htm
0001717734-20-000007,97098,BLACKROCK LIQUIDITY FUNDS,2020-01-07,https://www.sec.gov/Archives/edgar/data/97098/000171773420000007/0001717734-20-000007-index.htm
0001760237-20-000006,97098,BLACKROCK LIQUIDITY FUNDS,2020-01-07,https://www.sec.gov/Archives/edgar/data/97098/000176023720000006/0001760237-20-000006-index.htm
0001717981-20-000008,97098,BLACKROCK LIQUIDITY FUNDS,2020-01-07,https://www.sec.gov/Archives/edgar/data/97098/000171798120000008/0001717981-20-000008-index.htm
0001717981-20-000007,97098,BLACKROCK LIQUIDITY FUNDS,2020-01-07,https://www.sec.gov/Archives/edgar/data/97098/000171798120000007/0001717981-20-000007-index.htm
0001760237-20-000004,319108,"BlackRock Series Fund, Inc.",2020-01-07,https://www.sec.gov/Archives/edgar/data/319108/000176023720000004/0001760237-20-000004-index.htm
0001760237-20-000005,844779,BLACKROCK FUNDS,2020-01-07,https://www.sec.gov/Archives/edgar/data/844779/000176023720000005/0001760237-20-000005-index.htm
0001145549-20-000363,1413032,Columbia Funds Variable Series Trust II,2020-01-07,https://www.sec.gov/Archives/edgar/data/1413032/000114554920000363/0001145549-20-000363-index.htm
0001145549-20-000429,774412,PLAN INVESTMENT FUND INC,2020-01-07,https://www.sec.gov/Archives/edgar/data/774412/000114554920000429/0001145549-20-000429-index.htm
0001727644-20-000005,97098,BLACKROCK LIQUIDITY FUNDS,2020-01-07,https://www.sec.gov/Archives/edgar/data/97098/000172764420000005/0001727644-20-000005-index.htm
0001145549-20-000362,1352280,Columbia Funds Series Trust II,2020-01-07,https://www.sec.gov/Archives/edgar/data/1352280/000114554920000362/0001145549-20-000362-index.htm
0001145549-20-000426,1068204,TIAA-CREF LIFE FUNDS,2020-01-07,https://www.sec.gov/Archives/edgar/data/1068204/000114554920000426/0001145549-20-000426-index.htm
0001727644-20-000008,355916,"BlackRock Variable Series Funds, Inc.",2020-01-07,https://www.sec.gov/Archives/edgar/data/355916/000172764420000008/0001727644-20-000008-index.htm
0000949365-20-000003,1048702,NATIONWIDE MUTUAL FUNDS,2020-01-07,https://www.sec.gov/Archives/edgar/data/1048702/000094936520000003/0000949365-20-000003-index.htm
0000949365-20-000004,353905,NATIONWIDE VARIABLE INSURANCE TRUST,2020-01-07,https://www.sec.gov/Archives/edgar/data/353905/000094936520000004/0000949365-20-000004-index.htm
0001145549-20-000430,1084380,TIAA-CREF FUNDS,2020-01-07,https://www.sec.gov/Archives/edgar/data/1084380/000114554920000430/0001145549-20-000430-index.htm
0001145549-20-000292,914036,LINCOLN VARIABLE INSURANCE PRODUCTS TRUST,2020-01-07,https://www.sec.gov/Archives/edgar/data/914036/000114554920000292/0001145549-20-000292-index.htm
0001145549-20-000416,1516523,Advisers Investment Trust,2020-01-07,https://www.sec.gov/Archives/edgar/data/1516523/000114554920000416/0001145549-20-000416-index.htm
0001004726-20-000007,864508,Cavanal Hill Funds,2020-01-07,https://www.sec.gov/Archives/edgar/data/864508/000100472620000007/0001004726-20-000007-index.htm
0000899148-20-000002,899148,RYDEX SERIES FUNDS,2020-01-07,https://www.sec.gov/Archives/edgar/data/899148/000089914820000002/0000899148-20-000002-index.htm
0000898745-20-000004,898745,PRINCIPAL FUNDS INC,2020-01-07,https://www.sec.gov/Archives/edgar/data/898745/000089874520000004/0000898745-20-000004-index.htm
0001145549-20-000441,1317146,MML Series Investment Fund II,2020-01-07,https://www.sec.gov/Archives/edgar/data/1317146/000114554920000441/0001145549-20-000441-index.htm
0000883622-20-000002,883622,IVY FUNDS,2020-01-07,https://www.sec.gov/Archives/edgar/data/883622/000088362220000002/0000883622-20-000002-index.htm
0001145549-20-000414,1131013,GuideStone Funds,2020-01-07,https://www.sec.gov/Archives/edgar/data/1131013/000114554920000414/0001145549-20-000414-index.htm
0001145549-20-000401,1081400,WELLS FARGO FUNDS TRUST,2020-01-07,https://www.sec.gov/Archives/edgar/data/1081400/000114554920000401/0001145549-20-000401-index.htm
0001500666-20-000011,934348,"MILES FUNDS, INC.",2020-01-07,https://www.sec.gov/Archives/edgar/data/934348/000150066620000011/0001500666-20-000011-index.htm
0001398344-20-000322,702435,Meeder Funds,2020-01-07,https://www.sec.gov/Archives/edgar/data/702435/000139834420000322/0001398344-20-000322-index.htm
0000759667-20-000001,759667,DREYFUS CASH MANAGEMENT,2020-01-06,https://www.sec.gov/Archives/edgar/data/759667/000075966720000001/0000759667-20-000001-index.htm
0000831363-20-000008,867955,DREYFUS AMT-FREE MUNICIPAL CASH MANAGEMENT PLUS,2020-01-06,https://www.sec.gov/Archives/edgar/data/867955/000083136320000008/0000831363-20-000008-index.htm
0000831363-20-000007,740123,DREYFUS TAX EXEMPT CASH MANAGEMENT FUNDS,2020-01-06,https://www.sec.gov/Archives/edgar/data/740123/000083136320000007/0000831363-20-000007-index.htm
0000759667-20-000002,796251,Dreyfus Treasury Obligations Cash Management,2020-01-06,https://www.sec.gov/Archives/edgar/data/796251/000075966720000002/0000759667-20-000002-index.htm
0000811869-20-000002,811869,THRIVENT MUTUAL FUNDS,2020-01-06,https://www.sec.gov/Archives/edgar/data/811869/000081186920000002/0000811869-20-000002-index.htm
0000831363-20-000013,1423799,Dreyfus Institutional Reserves Funds,2020-01-06,https://www.sec.gov/Archives/edgar/data/1423799/000083136320000013/0000831363-20-000013-index.htm
0000894189-20-000097,1761511,North Capital Funds Trust,2020-01-06,https://www.sec.gov/Archives/edgar/data/1761511/000089418920000097/0000894189-20-000097-index.htm
0000831363-20-000001,831363,"GENERAL NEW JERSEY MUNICIPAL MONEY MARKET FUND, INC.",2020-01-06,https://www.sec.gov/Archives/edgar/data/831363/000083136320000001/0000831363-20-000001-index.htm
0000831363-20-000002,1717375,Dreyfus Institutional Liquidity Funds,2020-01-06,https://www.sec.gov/Archives/edgar/data/1717375/000083136320000002/0000831363-20-000002-index.htm
0000831363-20-000014,1423799,Dreyfus Institutional Reserves Funds,2020-01-06,https://www.sec.gov/Archives/edgar/data/1423799/000083136320000014/0000831363-20-000014-index.htm
0000831363-20-000011,1038520,DREYFUS INSTITUTIONAL PREFERRED MONEY MARKET FUNDS,2020-01-06,https://www.sec.gov/Archives/edgar/data/1038520/000083136320000011/0000831363-20-000011-index.htm
0000831363-20-000010,1111565,BNY MELLON FUNDS TRUST,2020-01-06,https://www.sec.gov/Archives/edgar/data/1111565/000083136320000010/0000831363-20-000010-index.htm
0001140361-20-000285,763534,CHURCHILL CASH RESERVES TRUST,2020-01-06,https://www.sec.gov/Archives/edgar/data/763534/000114036120000285/0001140361-20-000285-index.htm
0001300087-20-000002,1300087,Thrivent Cash Management Trust,2020-01-06,https://www.sec.gov/Archives/edgar/data/1300087/000130008720000002/0001300087-20-000002-index.htm
0000831363-20-000012,1423799,Dreyfus Institutional Reserves Funds,2020-01-06,https://www.sec.gov/Archives/edgar/data/1423799/000083136320000012/0000831363-20-000012-index.htm
0000831363-20-000004,703153,"GENERAL MUNICIPAL MONEY MARKET FUNDS, INC.",2020-01-06,https://www.sec.gov/Archives/edgar/data/703153/000083136320000004/0000831363-20-000004-index.htm
0000790166-20-000003,790166,THRIVENT SERIES FUND INC,2020-01-06,https://www.sec.gov/Archives/edgar/data/790166/000079016620000003/0000790166-20-000003-index.htm
0001140361-20-000286,93832,CAPITAL CASH MANAGEMENT TRUST,2020-01-06,https://www.sec.gov/Archives/edgar/data/93832/000114036120000286/0001140361-20-000286-index.htm
0000742212-20-000002,742212,NORTHWESTERN MUTUAL SERIES FUND INC,2020-01-06,https://www.sec.gov/Archives/edgar/data/742212/000074221220000002/0000742212-20-000002-index.htm
0000759667-20-000003,702172,"GENERAL GOVERNMENT SECURITIES MONEY MARKET FUNDS, INC.",2020-01-06,https://www.sec.gov/Archives/edgar/data/702172/000075966720000003/0000759667-20-000003-index.htm
0000831363-20-000005,803950,GENERAL NEW YORK AMT-FREE MUNICIPAL MONEY MARKET FUND,2020-01-06,https://www.sec.gov/Archives/edgar/data/803950/000083136320000005/0000831363-20-000005-index.htm
0000831363-20-000006,878734,DREYFUS AMT-FREE NEW YORK MUNICIPAL CASH MANAGEMENT,2020-01-06,https://www.sec.gov/Archives/edgar/data/878734/000083136320000006/0000831363-20-000006-index.htm
0000831363-20-000009,1111565,BNY MELLON FUNDS TRUST,2020-01-06,https://www.sec.gov/Archives/edgar/data/1111565/000083136320000009/0000831363-20-000009-index.htm
0000831363-20-000003,803951,GENERAL CALIFORNIA MUNICIPAL MONEY MARKET FUND,2020-01-06,https://www.sec.gov/Archives/edgar/data/803951/000083136320000003/0000831363-20-000003-index.htm
0000819940-20-000012,843781,DREYFUS TREASURY SECURITIES CASH MANAGEMENT,2020-01-03,https://www.sec.gov/Archives/edgar/data/843781/000081994020000012/0000819940-20-000012-index.htm
0000819940-20-000015,702172,"GENERAL GOVERNMENT SECURITIES MONEY MARKET FUNDS, INC.",2020-01-03,https://www.sec.gov/Archives/edgar/data/702172/000081994020000015/0000819940-20-000015-index.htm
0001167368-20-000001,1167368,CITIZENSSELECT FUNDS,2020-01-03,https://www.sec.gov/Archives/edgar/data/1167368/000116736820000001/0001167368-20-000001-index.htm
0000819940-20-000013,813383,BNY MELLON VARIABLE INVESTMENT FUND,2020-01-03,https://www.sec.gov/Archives/edgar/data/813383/000081994020000013/0000819940-20-000013-index.htm
0000819940-20-000010,885409,"DREYFUS BASIC MONEY MARKET FUND, INC.",2020-01-03,https://www.sec.gov/Archives/edgar/data/885409/000081994020000010/0000819940-20-000010-index.htm
0000819940-20-000008,819940,"BNY Mellon Investment Funds IV, Inc.",2020-01-03,https://www.sec.gov/Archives/edgar/data/819940/000081994020000008/0000819940-20-000008-index.htm
0000819940-20-000014,353560,"GENERAL MONEY MARKET FUND, INC.",2020-01-03,https://www.sec.gov/Archives/edgar/data/353560/000081994020000014/0000819940-20-000014-index.htm
0000819940-20-000017,1167368,CITIZENSSELECT FUNDS,2020-01-03,https://www.sec.gov/Archives/edgar/data/1167368/000081994020000017/0000819940-20-000017-index.htm
0000819940-20-000009,30158,"DREYFUS LIQUID ASSETS, INC.",2020-01-03,https://www.sec.gov/Archives/edgar/data/30158/000081994020000009/0000819940-20-000009-index.htm
0001580642-20-000048,924628,SARATOGA ADVANTAGE TRUST,2020-01-03,https://www.sec.gov/Archives/edgar/data/924628/000158064220000048/0001580642-20-000048-index.htm
0000819940-20-000016,1038520,DREYFUS INSTITUTIONAL PREFERRED MONEY MARKET FUNDS,2020-01-03,https://www.sec.gov/Archives/edgar/data/1038520/000081994020000016/0000819940-20-000016-index.htm
0000819940-20-000011,740766,DREYFUS GOVERNMENT CASH MANAGEMENT FUNDS,2020-01-03,https://www.sec.gov/Archives/edgar/data/740766/000081994020000011/0000819940-20-000011-index.htm
0000894189-20-000009,825759,TRUST FOR CREDIT UNIONS,2020-01-02,https://www.sec.gov/Archives/edgar/data/825759/000089418920000009/0000894189-20-000009-index.htm
