Raw_name,Normalised_name,Entity
ABN AMRO BANK NV,abn amro bank nv,ABN AMRO
ABN AMRO Securities LLC,abn amro securities,ABN AMRO
ABN Amro Securities LLC,abn amro securities,ABN AMRO
BANK OF MONTREAL,bank of montreal,BMO
BMO ASSET MANAGEMENT LTD,bmo asset management,BMO
BMO CAPITAL MARKETS CORP,bmo capital markets,BMO
BMO CAPITAL MARKETS CORP.,bmo capital markets,BMO
BMO Capital Markets Corp.,bmo capital markets,BMO
BMO GLOBAL ASSET MANAGEMENT EU,bmo global asset management eu,BMO
BNP PARIBAS,bnp paribas,BNP Paribas
BNP PARIBAS SA,bnp paribas,BNP Paribas
BNP PARIBAS SA/PARIS,bnp paribas,BNP Paribas
BNP Paribas,bnp paribas,BNP Paribas
BNP Paribas Prime Brokerage International Ltd. Tri Party Repo,bnp paribas prime brokerage international,BNP Paribas
"BNP Paribas Prime Brokerage, Inc.",bnp paribas prime brokerage,BNP Paribas
BNP Paribas SA,bnp paribas,BNP Paribas
BNP Paribas SA Tri Party Repo,bnp paribas,BNP Paribas
BNP Paribas Securities Corp.,bnp paribas securities,BNP Paribas
BNP Tri Party Repo,bnp,BNP Paribas
BANK OF AMERICA SECURITIES INC.,bank of america securities,Bank of America
BOFA FINANCE LLC,bofa finance,Bank of America
BOFA SECURITIES INC,bofa securities,Bank of America
BOFA SECURITIES INC.,bofa securities,Bank of America
"BOFA SECURITIES, INC.",bofa securities,Bank of America
Bank of America Securities Inc.,bank of america securities,Bank of America
"Bank of America Securities, Inc.",bank of america securities,Bank of America
Bank of America Tri Party Repo,bank of america,Bank of America
BofA Securities Inc.,bofa securities,Bank of America
"BofA Securities, Inc.",bofa securities,Bank of America
"BofA Securities, Inc. (NON GOV REPO)",bofa securities,Bank of America
"Bofa Securities, Inc. (NON GOV REPO)",bofa securities,Bank of America
MERRILL LYNCH & CO. INC.,merrill lynch and co,Bank of America
MERRILL LYNCH P F & S INC,merrill lynch p f and s,Bank of America
MERRILL LYNCH PFS INC,merrill lynch pfs,Bank of America
MERRILL LYNCH PIERCE FENNER & SMITH,merrill lynch pierce fenner and smith,Bank of America
MERRILL LYNCH PIERCE FENNER & SMITH INC,merrill lynch pierce fenner and smith,Bank of America
"MERRILL LYNCH, P, F & S INC.",merrill lynch p f and s,Bank of America
Merrill Lynch Pierce Fenner & Smith,merrill lynch pierce fenner and smith,Bank of America
"Merrill Lynch Pierce Fenner & Smith, Inc.",merrill lynch pierce fenner and smith,Bank of America
"Merrill Lynch Pierce Fenner & Smith, Inc. Tri Party Repo",merrill lynch pierce fenner and smith,Bank of America
"Merrill Lynch, Pierce, Fenner & Smith",merrill lynch pierce fenner and smith,Bank of America
"Merrill Lynch, Pierce, Fenner & Smith Incorporated",merrill lynch pierce fenner and smith,Bank of America
"Merrill Lynch, Pierce, Fenner & Smith, Inc.",merrill lynch pierce fenner and smith,Bank of America
"Merrill Lynch, Pierce, Fenner and Smith Inc",merrill lynch pierce fenner and smith,Bank of America
BARCLAYS BANK PLC,barclays bank,Barclays
BARCLAYS CAPITAL INC,barclays capital,Barclays
Barclays Bank PLC,barclays bank,Barclays
Barclays Bank PLC Tri Party Repo,barclays bank,Barclays
Barclays Bank plc,barclays bank,Barclays
"Barclays Capital, Inc.",barclays capital,Barclays
Canadian Imperial Bank of Commerce,canadian imperial bank of commerce,CIBC
CITIGROUP GLOBAL MARKETS INC,citigroup global markets,Citigroup
CITIGROUP GLOBAL MARKETS INC.,citigroup global markets,Citigroup
Citigroup Global Markets Inc.,citigroup global markets,Citigroup
"Citigroup Global Markets, Inc.",citigroup global markets,Citigroup
Citigroup Tri Party Repo,citigroup,Citigroup
CREDIT AGRICOLE CORP,credit agricole,Credit Agricole
CREDIT AGRICOLE CORPORATE & INVESTMENT BANK,credit agricole corporate and investment bank,Credit Agricole
CREDIT AGRICOLE CORPORATE & INVESTMENT BANK/PARIS,credit agricole corporate and investment bank,Credit Agricole
CREDIT AGRICOLE CORPORATE AND INVESTMENT BANK SA,credit agricole corporate and investment bank,Credit Agricole
Credit AG CIB Paris,credit cib,Credit Agricole
Credit AG Cib Paris(NON GOV RP,credit cib,Credit Agricole
Credit Agricole Corporate & Investment Bank,credit agricole corporate and investment bank,Credit Agricole
Credit Agricole Corporate and Investment Bank,credit agricole corporate and investment bank,Credit Agricole
Credit Agricole S.A.,credit agricole,Credit Agricole
CREDIT SUISSE SECURITIES (USA) LLC,credit suisse securities,Credit Suisse
CREDIT SUISSE SECURITIES USA LLC,credit suisse securities usa,Credit Suisse
Credit Suisse Securities (U.S.A.) LLC,credit suisse securities,Credit Suisse
Credit Suisse Securities (USA) LLC,credit suisse securities,Credit Suisse
Credit Suisse Securities USA LLC,credit suisse securities usa,Credit Suisse
Deutsche Bank AG,deutsche bank,Deutsche Bank
FCStone,fcstone,FCStone
Fixed Income Clearing Corporation - JPM,fixed income clearing corporation jpm,FICC
HSBC BANK PLC,hsbc bank,HSBC
HSBC Bank Plc,hsbc bank,HSBC
HSBC SECURITIES (USA) INC,hsbc securities,HSBC
HSBC SECURITIES (USA) INC.,hsbc securities,HSBC
HSBC SECURITIES USA INC,hsbc securities usa,HSBC
HSBC Securities (USA) Inc,hsbc securities,HSBC
HSBC Securities (USA) Inc.,hsbc securities,HSBC
"HSBC Securities (USA), Inc.",hsbc securities,HSBC
"HSBC Securities USA, Inc.",hsbc securities usa,HSBC
"HSBC Securities, Inc.",hsbc securities,HSBC
ING (US) FUNDING LLC,ing funding,ING
ING FINANCIAL MARKETS LLC,ing financial markets,ING
ING Financial Markets LLC,ing financial markets,ING
ING Financial Markets LLC Tri Party Repo,ing financial markets,ING
"ING Financial Markets, LLC",ing financial markets,ING
ING Tri Party Repo,ing,ING
J.P. MORGAN SECURITIES LLC,jp morgan securities,JP Morgan
J.P. Morgan Securities LLC,jp morgan securities,JP Morgan
J.P. Morgan Securities LLC Tri Party Repo,jp morgan securities,JP Morgan
J.P. Morgan Securities Tri Party Repo,jp morgan securities,JP Morgan
"J.P. Morgan Securities, LLC",jp morgan securities,JP Morgan
JP MORGAN SECURITIES  LLC,jp morgan securities,JP Morgan
JP MORGAN SECURITIES LLC,jp morgan securities,JP Morgan
"JP MORGAN SECURITIES, LLC",jp morgan securities,JP Morgan
JP Morgan Securities LLC,jp morgan securities,JP Morgan
"JP Morgan Securities, LLC",jp morgan securities,JP Morgan
JPM Chase Tri Party Repo,jpm chase,JP Morgan
MITSUBISHI UFJ TRUST & BANKING CORP-NEW YORK IBF,mitsubishi ufj trust and banking,MUFG
MITSUBISHI UFJ TRUST AND BANKING CORPORATION - NEW YORK,mitsubishi ufj trust and banking corporation,MUFG
MUFG SECURITIES AMERICAS INC,mufg securities americas,MUFG
MUFG SECURITIES AMERICAS INC.,mufg securities americas,MUFG
MUFG Securities Americas Inc,mufg securities americas,MUFG
MUFG Securities Americas Inc.,mufg securities americas,MUFG
"MUFG Securities Americas, Inc.",mufg securities americas,MUFG
MUFG Securities Tri Party Repo,mufg securities,MUFG
"Mitsubishi UFJ Securities (U.S.A.), Inc.",mitsubishi ufj securities,MUFG
Mitsubishi UFJ Securities (USA) Inc.,mitsubishi ufj securities,MUFG
Mitsubishi UFJ Securities Tri Party Repo,mitsubishi ufj securities,MUFG
Mitsubishi UFJ Trust & Banking Corp.,mitsubishi ufj trust and banking,MUFG
MIZUHO SECURITIES USA LLC,mizuho securities usa,Mizuho
Mizuho Securities (USA) LLC,mizuho securities,Mizuho
"Mizuho Securities U.S.A., Inc.",mizuho securities usa,Mizuho
Mizuho Securities USA LLC,mizuho securities usa,Mizuho
"Mizuho Securities USA, Inc.",mizuho securities usa,Mizuho
Mizuho Securities Usa Llc,mizuho securities usa,Mizuho
"Morgan Stanley & Co., Inc.",morgan stanley and co,Morgan Stanley
Morgan Stanley Tri Party Repo,morgan stanley,Morgan Stanley
Pershing LLC,pershing,Pershing
RBC CAPITAL MARKETS LLC,rbc capital markets,RBC
"RBC CAPITAL MARKETS, LLC",rbc capital markets,RBC
RBC Capital Markets Co.,rbc capital markets co,RBC
RBC Capital Markets LLC,rbc capital markets,RBC
ROYAL BANK OF CANADA (TORONTO BRANCH),royal bank of canada,RBC
Royal Bank of Canada,royal bank of canada,RBC
"RBS Securities, Inc.",rbs securities,RBS
Bank of Nova Scotia,bank of nova scotia,Scotiabank
Bank of Nova Scotia (The),bank of nova scotia,Scotiabank
Bank of Nova Scotia (Toronto Branch),bank of nova scotia,Scotiabank
SCOTIA CAPITAL (USA) INC.,scotia capital,Scotiabank
SCOTIA CAPITAL USA INC,scotia capital usa,Scotiabank
"Scotia Capital (USA), Inc.",scotia capital,Scotiabank
"Scotia Capital USA, Inc.",scotia capital usa,Scotiabank
"Scotia Capital USA, Inc. Tri Party Repo",scotia capital usa,Scotiabank
SG Americas Securities,sg americas securities,Societe Generale
SG Americas Securities LLC,sg americas securities,Societe Generale
SOCIETE GENERALE,societe generale,Societe Generale
SOCIETE GENERALE SA,societe generale,Societe Generale
Societe Generale,societe generale,Societe Generale
Societe Generale (PARIS),societe generale,Societe Generale
Societe Generale SA,societe generale,Societe Generale
"Societe Generale, Paris",societe generale,Societe Generale
Standard Chartered Bank,standard chartered bank,Standard Chartered
TD SECURITIES (USA) LLC,td securities,TD
TD Securities (USA) LLC,td securities,TD
TD Securities USA LLC,td securities usa,TD
Toronto-Dominion Bank Tri Party Repo,dominion bank,TD
UBS,ubs,UBS
UBS SECURITIES LLC,ubs securities,UBS
UBS Securities LLC Tri Party Repo,ubs securities,UBS
WACHOVIA CORP,wachovia,Wachovia
WELLS FARGO,wells fargo,Wells Fargo
WELLS FARGO BANK NA,wells fargo bank,Wells Fargo
WELLS FARGO SECURITIES LLC,wells fargo securities,Wells Fargo
"WELLS FARGO SECURITIES, LLC",wells fargo securities,Wells Fargo
Wella Fargo Securities LLC,wella fargo securities,Wells Fargo
Wells Fargo,wells fargo,Wells Fargo
Wells Fargo Securities LLC,wells fargo securities,Wells Fargo
"Wells Fargo Securities, LLC",wells fargo securities,Wells Fargo
Wells Fargo Tri Party Repo,wells fargo,Wells Fargo
